{"stats":{"minecraft:picked_up":{"minecraft:red_bed":1,"minecraft:hay_block":8},"minecraft:mined":{"minecraft:grass":1,"minecraft:hay_block":9,"minecraft:red_bed":1},"minecraft:custom":{"minecraft:jump":45,"minecraft:open_chest":2,"minecraft:time_since_rest":1952,"minecraft:crouch_one_cm":746,"minecraft:leave_game":1,"minecraft:sprint_one_cm":15244,"minecraft:play_time":1952,"minecraft:damage_taken":20,"minecraft:time_since_death":1952,"minecraft:walk_one_cm":6889,"minecraft:sneak_time":176,"minecraft:total_world_time":1952,"minecraft:fall_one_cm":1529,"minecraft:fly_one_cm":10894}},"DataVersion":3465}