{"stats":{"minecraft:picked_up":{"quark:diamond_heart":1,"minecraft:wheat":2,"minecraft:redstone_block":1,"ancient_elements:raw_palladium":3,"minecraft:string":6,"minecraft:raw_copper":4,"minecraft:smooth_stone_slab":3,"minecraft:zombie_head":1,"minecraft:cobbled_deepslate":38,"minecraft:gold_nugget":9,"minecraft:smooth_stone":2,"minecraft:comparator":5,"minecraft:iron_pickaxe":1,"minecraft:coal_block":16,"minecraft:iron_boots":1,"minecraft:furnace":1,"minecraft:stick":8,"minecraft:torch":3,"iceandfire:silver_ore":5,"ancient_elements:verdant_viridium_shard":3,"ancient_elements:topaz_shard":9,"minecraft:rotten_flesh":96,"minecraft:iron_block":1,"minecraft:cyan_terracotta":5,"minecraft:iron_bars":6,"minecraft:cobblestone":65,"minecraft:mossy_cobblestone_slab":1,"minecraft:leather_chestplate":1,"minecraft:andesite":2,"minecraft:potato":6,"ancient_elements:raw_lead":4,"create:raw_zinc":5,"minecraft:lapis_lazuli":18,"minecraft:dirt":20,"minecraft:lantern":6,"minecraft:polished_granite":2,"minecraft:leather_boots":1,"minecraft:bone":41,"minecraft:bow":1,"minecraft:mossy_stone_bricks":1,"minecraft:oak_planks":32,"epicsamurai:raw_silver":27,"ancient_elements:scarlet_crystal_block":1,"ancient_elements:scarlet_shard":15,"minecraft:grass_block":2,"minecraft:dark_oak_log":5,"minecraft:trapped_chest":1,"minecraft:mossy_cobblestone":7,"minecraft:polished_andesite":1,"minecraft:diamond":2,"minecraft:bread":14,"minecraft:emerald":4,"epicsamurai:ruby":14,"minecraft:oak_sapling":1,"armorplus:lava_shard":4,"minecraft:coarse_dirt":1,"born_in_chaos_v1:diamond_termite_shard":26,"minecraft:crafting_table":1,"minecraft:stone_brick_wall":1,"minecraft:chain":1,"minecraft:shield":3,"ancient_elements:music_disc_luminous":6,"epicsamurai:jade":8,"minecraft:item_frame":2,"ancient_elements:selenite_shard":12,"minecraft:poppy":2,"minecraft:raw_iron":38,"ancient_elements:raw_steel":4,"ancient_elements:raw_tin":20,"minecraft:redstone":4,"dungeonsweaponry:whispering_spear":1,"ancient_elements:cerulean_shard":1,"ancient_elements:reflectine":4,"minecraft:arrow":39,"minecraft:nether_bricks":3,"minecraft:hay_block":35,"iceandfire:deepslate_silver_ore":1,"minecraft:gold_ingot":16,"minecraft:totem_of_undying":2,"minecraft:mutton":3,"minecraft:skeleton_skull":1,"minecraft:white_wool":5,"minecraft:stripped_oak_log":3,"born_in_chaos_v1:corpse_maggot":16,"minecraft:leather":2,"minecraft:granite_stairs":1,"minecraft:oak_log":22,"minecraft:yellow_bed":2,"minecraft:cobblestone_stairs":1,"minecraft:stone_bricks":14,"minecraft:iron_ingot":4,"ancient_elements:cerulean_slimeball":1,"quark:pickarang":1,"epicsamurai:aquamarine":6,"epicsamurai:katana_handle":1,"minecraft:soul_sand":10,"minecraft:iron_sword":1,"minecraft:oak_slab":2,"minecraft:polished_andesite_stairs":2,"born_in_chaos_v1:ethereal_spirit":5,"born_in_chaos_v1:dark_rod":5,"minecraft:white_bed":6,"quark:oak_chest":2,"minecraft:slime_ball":1,"ancient_elements:topaz_crystal_block":2,"minecraft:coal":32},"minecraft:used":{"minecraft:iron_shovel":45,"minecraft:shield":77,"minecraft:soul_sand":1,"minecraft:mutton":1,"born_in_chaos_v1:corpse_maggot":3,"minecraft:cyan_terracotta":2,"minecraft:grass_block":2,"minecraft:stone_bricks":5,"minecraft:furnace":1,"minecraft:oak_sapling":1,"minecraft:oak_planks":70,"minecraft:leather_chestplate":1,"minecraft:white_wool":1,"minecraft:blast_furnace":1,"easy_villagers:villager":1,"minecraft:dark_oak_log":3,"minecraft:bread":59,"minecraft:smooth_stone_slab":1,"minecraft:granite_stairs":1,"minecraft:torch":25,"minecraft:dirt":4,"minecraft:iron_axe":305,"minecraft:iron_boots":1,"minecraft:cooked_beef":8,"minecraft:baked_potato":2,"spartanshields:iron_tower_shield":29,"minecraft:mossy_cobblestone":1,"minecraft:crafting_table":3,"minecraft:white_bed":5,"minecraft:oak_log":1,"minecraft:diamond_pickaxe":72,"quark:pickarang":30,"minecraft:iron_pickaxe":389,"minecraft:stone_axe":5,"epicsamurai:katana":344,"minecraft:cobblestone":46,"minecraft:bucket":1,"minecraft:yellow_bed":2,"quark:oak_chest":2},"minecraft:custom":{"minecraft:interact_with_crafting_table":18,"minecraft:open_barrel":12,"goblintraders:trade_with_goblin":16,"minecraft:eat_cake_slice":9,"minecraft:leave_game":2,"minecraft:time_since_death":3576,"minecraft:sprint_one_cm":402478,"minecraft:damage_blocked_by_shield":3400,"minecraft:drop":93,"minecraft:talked_to_villager":3,"minecraft:play_time":215125,"minecraft:deaths":13,"minecraft:jump":2697,"minecraft:walk_on_water_one_cm":38335,"minecraft:interact_with_furnace":17,"minecraft:sleep_in_bed":9,"minecraft:damage_dealt":41118,"minecraft:crouch_one_cm":44043,"minecraft:mob_kills":251,"minecraft:damage_dealt_resisted":180,"minecraft:climb_one_cm":2670,"minecraft:walk_one_cm":620518,"minecraft:sneak_time":19321,"minecraft:walk_under_water_one_cm":17394,"minecraft:interact_with_blast_furnace":9,"minecraft:total_world_time":215125,"spartanshields:shield_bash_hits":11,"minecraft:time_since_rest":3447,"minecraft:damage_taken":7585,"minecraft:trigger_trapped_chest":3,"minecraft:swim_one_cm":7320,"minecraft:fly_one_cm":452525,"minecraft:open_chest":85,"minecraft:fall_one_cm":62463},"minecraft:dropped":{"minecraft:iron_sword":1,"minecraft:soul_sand":1,"minecraft:lapis_lazuli":9,"minecraft:crafting_table":1,"minecraft:lantern":3,"ancient_elements:raw_lead":4,"minecraft:item_frame":2,"minecraft:cyan_terracotta":2,"minecraft:chain":1,"minecraft:gold_nugget":9,"minecraft:iron_pickaxe":1,"ancient_elements:music_disc_luminous":1,"epicsamurai:aquamarine":3,"minecraft:gold_ingot":14,"minecraft:bone":1,"minecraft:cobbled_deepslate":38,"minecraft:wheat":2,"minecraft:rotten_flesh":7,"minecraft:oak_planks":2,"minecraft:white_bed":1,"minecraft:poppy":1,"born_in_chaos_v1:corpse_maggot":1,"born_in_chaos_v1:diamond_termite_shard":13,"minecraft:iron_bars":4,"minecraft:arrow":4,"minecraft:polished_granite":2,"born_in_chaos_v1:dark_rod":3,"minecraft:water_bucket":1,"minecraft:bread":14,"minecraft:oak_slab":1,"minecraft:mossy_cobblestone":3,"minecraft:cobblestone":6,"ancient_elements:reflectine":1,"minecraft:coal":1,"minecraft:stick":11,"minecraft:polished_andesite":1,"minecraft:torch":11,"iceandfire:deepslate_silver_ore":1,"minecraft:smooth_stone":1,"minecraft:string":2,"create:raw_zinc":5,"ancient_elements:scarlet_crystal_block":1,"minecraft:raw_copper":4,"minecraft:smooth_stone_slab":2,"iceandfire:silver_ore":3,"minecraft:iron_boots":1,"minecraft:comparator":5,"ancient_elements:cerulean_shard":1,"minecraft:nether_bricks":2,"minecraft:potato":6,"minecraft:shield":3,"aether:iron_gloves":1,"minecraft:stone_bricks":5,"ancient_elements:selenite_shard":6,"minecraft:slime_ball":1,"minecraft:bow":1},"minecraft:broken":{"minecraft:leather_leggings":1,"minecraft:leather_helmet":1,"minecraft:iron_axe":2,"minecraft:leather_boots":1},"minecraft:killed":{"ancient_elements:cerulean_crystal_slime":2,"born_in_chaos_v1:restless_spirit":1,"minecraft:spider":1,"born_in_chaos_v1:scarlet_persecutor":2,"minecraft:skeleton":26,"born_in_chaos_v1:skeleton_thrasher":1,"quark:stoneling":1,"born_in_chaos_v1:diamond_termite":12,"minecraft:creeper":1,"minecraft:sheep":3,"minecraft:zombie":114,"born_in_chaos_v1:dread_hound":1,"born_in_chaos_v1:corpse_fly":19,"minecraft:stray":1,"minecraft:vex":1,"minecraft:evoker":2,"born_in_chaos_v1:zombie_bruiser":1,"born_in_chaos_v1:maggot":36,"minecraft:horse":3,"born_in_chaos_v1:baby_skeleton":2,"born_in_chaos_v1:swarmer":3,"born_in_chaos_v1:decrepit_skeleton":5,"born_in_chaos_v1:bloody_gadfly":1,"born_in_chaos_v1:decaying_zombie":1,"iceandfire:ghost":2,"born_in_chaos_v1:dark_vortex":2},"minecraft:mined":{"create:deepslate_zinc_ore":5,"minecraft:white_bed":6,"minecraft:cobblestone_stairs":1,"armorplus:ore_lava_crystal_stone":3,"epicsamurai:silver_ore":14,"minecraft:grass_block":8,"minecraft:stone_brick_wall":1,"minecraft:coal_block":16,"minecraft:spawner":19,"minecraft:smooth_stone":1,"epicsamurai:deepslate_jade_ore":5,"ancient_elements:topaz_clust":3,"minecraft:mossy_cobblestone_slab":1,"minecraft:iron_ore":31,"ancient_elements:selenite_clust":2,"ancient_elements:tin_ore":13,"minecraft:deepslate_lapis_ore":1,"minecraft:iron_bars":4,"epicsamurai:deepslate_silver_ore":13,"minecraft:iron_block":1,"minecraft:granite_stairs":1,"minecraft:cyan_terracotta":3,"born_in_chaos_v1:infected_deepslate_diamond_ore":4,"minecraft:polished_andesite_stairs":2,"ancient_elements:deepslate_tin_ore":7,"minecraft:cobblestone":7,"minecraft:oak_planks":32,"minecraft:wall_torch":3,"minecraft:skeleton_skull":1,"epicsamurai:aquamarine_ore":2,"minecraft:lilac":1,"minecraft:smooth_stone_slab":2,"minecraft:grass":5,"minecraft:oak_log":25,"minecraft:dirt":36,"minecraft:netherrack":1,"minecraft:oak_leaves":3,"minecraft:deepslate":80,"create:zinc_ore":3,"minecraft:diamond_ore":1,"minecraft:tuff":2,"iceandfire:silver_ore":3,"ancient_elements:lead_ore":8,"minecraft:mossy_cobblestone":4,"ancient_elements:budding_topaz":1,"minecraft:dark_oak_log":5,"born_in_chaos_v1:infected_diamond_ore":3,"minecraft:nether_bricks":4,"epicsamurai:deepslate_ruby_ore":15,"minecraft:redstone_wire":4,"iceandfire:deepslate_silver_ore":1,"ancient_elements:scarlet_clust":5,"minecraft:large_fern":1,"minecraft:hay_block":36,"minecraft:oak_trapdoor":1,"ancient_elements:topaz_crystal_block":2,"minecraft:furnace":2,"minecraft:andesite":6,"biomesoplenty:sea_oats":1,"minecraft:deepslate_iron_ore":7,"ancient_elements:palladium_ore":4,"minecraft:stripped_oak_log":4,"minecraft:stone":63,"ancient_elements:reflectine":5,"minecraft:white_wool":2,"ancient_elements:steel_ore":4,"minecraft:oak_slab":1,"minecraft:redstone_block":1,"epicsamurai:jade_ore":3,"minecraft:comparator":1,"minecraft:soul_sand":10,"quark:oak_chest":2,"minecraft:polished_granite":2,"epicsamurai:deepslate_aquamarine_ore":1,"minecraft:crafting_table":1,"minecraft:copper_ore":2,"minecraft:tall_grass":4,"minecraft:diorite":1,"ancient_elements:verdant_viridium_clust":1,"minecraft:coarse_dirt":1,"minecraft:trapped_chest":1,"minecraft:yellow_bed":2,"ancient_elements:scarlet_crystal_block":1,"minecraft:coal_ore":17,"minecraft:zombie_head":1,"minecraft:gravel":8,"minecraft:cobweb":7,"minecraft:cracked_stone_bricks":1,"minecraft:stone_bricks":10,"minecraft:polished_andesite":2,"minecraft:mossy_stone_bricks":1},"minecraft:killed_by":{"born_in_chaos_v1:zombie_bruiser":3,"born_in_chaos_v1:scarlet_persecutor":2,"minecraft:vex":2,"minecraft:stray":1,"ancient_elements:topaz_crystal_slime":1,"minecraft:skeleton":3},"minecraft:crafted":{"minecraft:smooth_stone":4,"minecraft:oak_planks":88,"epicsamurai:silver_ingot":27,"spartanshields:wooden_tower_shield":1,"minecraft:stone":4,"iceandfire:armor_silver_metal_leggings":1,"minecraft:crafting_table":3,"spartanshields:iron_tower_shield":1,"minecraft:diamond_pickaxe":1,"minecraft:shield":1,"minecraft:stick":16,"minecraft:iron_ingot":3,"quark:pickarang":1,"epicsamurai:katana":1,"minecraft:redstone":9,"minecraft:coal":16,"ancient_elements:steel_ingot":4,"minecraft:furnace":1,"minecraft:blast_furnace":1,"minecraft:iron_axe":2,"iceandfire:armor_silver_metal_boots":1,"minecraft:wheat":315,"epicsamurai:katana_handle":1,"minecraft:bread":105,"minecraft:air":0,"iceandfire:armor_silver_metal_helmet":1,"minecraft:gold_nugget":9,"beyond_earth:steel_ingot":2}},"DataVersion":3120}