{"stats":{"minecraft:killed":{"minecraft:zombie":1},"minecraft:custom":{"minecraft:time_since_rest":1099,"minecraft:sprint_one_cm":101943,"minecraft:damage_taken":860,"minecraft:walk_one_cm":48093,"minecraft:mob_kills":1,"minecraft:damage_dealt":242,"minecraft:swim_one_cm":3997,"minecraft:interact_with_crafting_table":2,"minecraft:talked_to_villager":1,"minecraft:fly_one_cm":150606,"minecraft:open_barrel":6,"minecraft:open_chest":6,"minecraft:crouch_one_cm":4108,"minecraft:play_time":20982,"minecraft:deaths":2,"minecraft:bell_ring":1,"minecraft:sneak_time":1243,"minecraft:jump":626,"minecraft:leave_game":2,"minecraft:time_since_death":1077,"minecraft:walk_on_water_one_cm":1061,"minecraft:sleep_in_bed":3,"minecraft:total_world_time":20982,"minecraft:fall_one_cm":22091,"minecraft:horse_one_cm":10603},"minecraft:used":{"minecraft:wooden_axe":10,"minecraft:bread":5,"minecraft:wooden_pickaxe":4,"minecraft:hay_block":1,"minecraft:crafting_table":2,"minecraft:red_bed":2,"minecraft:carrot":8},"minecraft:mined":{"minecraft:hay_block":35,"minecraft:red_bed":2,"minecraft:crafting_table":1,"minecraft:grass":2,"quark:blossom_log":4,"minecraft:bamboo":1,"minecraft:stone":3,"ms:plant/grass":2},"minecraft:picked_up":{"ms:food/lettuce_seeds":1,"minecraft:stick":13,"minecraft:crafting_table":1,"quark:blossom_log":4,"minecraft:cherry_log":7,"minecraft:red_bed":2,"ms:food/magenta_tulip_seeds":1,"minecraft:hay_block":34,"dynamictrees:cherry_seed":4,"minecraft:bamboo":9,"minecraft:cobblestone":3},"minecraft:crafted":{"quark:blossom_planks":16,"minecraft:crafting_table":2,"minecraft:stick":4,"minecraft:wooden_pickaxe":1,"minecraft:wooden_axe":1}},"DataVersion":3465}