{"stats":{"minecraft:dropped":{"minecraft:iron_sword":1,"minecraft:soul_sand":1,"minecraft:lapis_lazuli":9,"minecraft:crafting_table":1,"minecraft:lantern":4,"ancient_elements:raw_lead":4,"minecraft:cobblestone_stairs":2,"minecraft:item_frame":2,"minecraft:cyan_terracotta":2,"minecraft:dirt":1,"minecraft:chain":1,"minecraft:gold_nugget":9,"minecraft:iron_pickaxe":1,"ancient_elements:music_disc_luminous":3,"epicsamurai:aquamarine":3,"minecraft:gold_ingot":14,"minecraft:bone":1,"minecraft:polished_andesite_slab":1,"minecraft:cobbled_deepslate":38,"minecraft:wheat":2,"minecraft:rotten_flesh":51,"minecraft:oak_planks":2,"minecraft:white_bed":1,"minecraft:poppy":1,"born_in_chaos_v1:corpse_maggot":1,"born_in_chaos_v1:diamond_termite_shard":13,"minecraft:iron_bars":4,"minecraft:arrow":4,"minecraft:polished_granite":2,"born_in_chaos_v1:dark_rod":3,"minecraft:water_bucket":1,"minecraft:enchanted_book":1,"minecraft:bread":15,"minecraft:oak_slab":1,"minecraft:wheat_seeds":12,"minecraft:mossy_cobblestone":3,"minecraft:cobblestone":6,"ancient_elements:reflectine":2,"minecraft:coal":1,"minecraft:polished_andesite":1,"minecraft:stick":11,"minecraft:mossy_cobblestone_slab":3,"minecraft:torch":11,"minecraft:potion":1,"minecraft:polished_andesite_stairs":1,"iceandfire:deepslate_silver_ore":1,"minecraft:smooth_stone":1,"minecraft:string":2,"create:raw_zinc":5,"ancient_elements:scarlet_crystal_block":2,"minecraft:coarse_dirt":1,"minecraft:raw_copper":4,"minecraft:smooth_stone_slab":4,"iceandfire:silver_ore":3,"minecraft:iron_boots":1,"minecraft:comparator":5,"ancient_elements:cerulean_shard":1,"minecraft:nether_bricks":2,"minecraft:cobblestone_slab":1,"minecraft:potato":6,"minecraft:shield":3,"aether:iron_gloves":1,"minecraft:stone_bricks":5,"ancient_elements:selenite_shard":6,"minecraft:slime_ball":1,"minecraft:bow":1},"minecraft:broken":{"minecraft:leather_leggings":1,"iceandfire:armor_silver_metal_boots":1,"minecraft:leather_helmet":1,"iceandfire:armor_silver_metal_leggings":1,"iceandfire:armor_silver_metal_helmet":1,"minecraft:iron_axe":2,"minecraft:leather_boots":1},"minecraft:killed":{"minecraft:cave_spider":3,"ancient_elements:cerulean_crystal_slime":2,"born_in_chaos_v1:restless_spirit":1,"minecraft:spider":2,"born_in_chaos_v1:scarlet_persecutor":2,"minecraft:skeleton":50,"minecraft:bee":7,"born_in_chaos_v1:skeleton_thrasher":1,"minecraft:magma_cube":12,"quark:stoneling":1,"born_in_chaos_v1:diamond_termite":12,"minecraft:creeper":3,"minecraft:sheep":3,"minecraft:zombie":142,"born_in_chaos_v1:dread_hound":1,"born_in_chaos_v1:corpse_fly":19,"minecraft:stray":1,"minecraft:vex":1,"minecraft:evoker":2,"born_in_chaos_v1:zombie_bruiser":1,"born_in_chaos_v1:maggot":45,"minecraft:horse":3,"born_in_chaos_v1:fallen_chaos_knight":1,"born_in_chaos_v1:baby_skeleton":4,"born_in_chaos_v1:swarmer":3,"born_in_chaos_v1:decrepit_skeleton":6,"born_in_chaos_v1:bloody_gadfly":1,"born_in_chaos_v1:decaying_zombie":1,"iceandfire:ghost":5,"born_in_chaos_v1:dark_vortex":2},"minecraft:killed_by":{"minecraft:creeper":2,"born_in_chaos_v1:zombie_bruiser":3,"minecraft:zombie":5,"born_in_chaos_v1:scarlet_persecutor":2,"minecraft:vex":2,"minecraft:stray":1,"ancient_elements:topaz_crystal_slime":1,"minecraft:skeleton":7,"iceandfire:ghost":2},"minecraft:crafted":{"minecraft:smooth_stone":4,"minecraft:oak_planks":88,"epicsamurai:silver_ingot":27,"spartanshields:wooden_tower_shield":1,"minecraft:stone":4,"iceandfire:armor_silver_metal_leggings":1,"minecraft:crafting_table":3,"spartanshields:iron_tower_shield":1,"minecraft:diamond_pickaxe":1,"minecraft:shield":1,"minecraft:stick":16,"minecraft:iron_ingot":3,"quark:pickarang":1,"epicsamurai:katana":1,"minecraft:redstone":9,"minecraft:coal":16,"ancient_elements:steel_ingot":4,"minecraft:furnace":1,"minecraft:blast_furnace":1,"minecraft:iron_axe":2,"iceandfire:armor_silver_metal_boots":1,"minecraft:wheat":315,"epicsamurai:katana_handle":1,"minecraft:bread":105,"minecraft:air":0,"iceandfire:armor_silver_metal_helmet":1,"minecraft:gold_nugget":9,"beyond_earth:steel_ingot":2},"minecraft:picked_up":{"quark:diamond_heart":1,"minecraft:wheat":36,"minecraft:redstone_block":2,"minecraft:stone_slab":1,"minecraft:potion":1,"minecraft:enchanted_book":1,"ancient_elements:raw_palladium":3,"minecraft:string":18,"minecraft:raw_copper":4,"minecraft:smooth_stone_slab":5,"minecraft:zombie_head":1,"minecraft:cobbled_deepslate":38,"minecraft:smooth_stone":3,"minecraft:gold_nugget":9,"minecraft:comparator":5,"minecraft:spruce_planks":14,"minecraft:cobblestone_slab":1,"minecraft:smooth_quartz":14,"minecraft:iron_pickaxe":1,"minecraft:coal_block":16,"minecraft:furnace":1,"minecraft:iron_boots":1,"minecraft:stick":8,"minecraft:torch":3,"iceandfire:silver_ore":5,"ancient_elements:verdant_viridium_shard":3,"minecraft:honeycomb_block":13,"ancient_elements:topaz_shard":9,"minecraft:stone_sword":1,"minecraft:rotten_flesh":122,"minecraft:iron_block":1,"minecraft:cyan_terracotta":6,"minecraft:iron_bars":6,"minecraft:cobblestone":78,"minecraft:mossy_cobblestone_slab":3,"minecraft:leather_chestplate":1,"minecraft:cooked_beef":1,"minecraft:repeater":1,"minecraft:andesite":2,"minecraft:chiseled_quartz_block":3,"minecraft:potato":10,"ancient_elements:raw_lead":4,"create:raw_zinc":5,"minecraft:lapis_lazuli":18,"minecraft:dirt":28,"minecraft:lantern":7,"minecraft:polished_granite":2,"minecraft:leather_boots":1,"minecraft:bone":74,"minecraft:bow":1,"minecraft:wheat_seeds":12,"minecraft:mossy_stone_bricks":1,"epicsamurai:raw_silver":27,"minecraft:oak_planks":32,"ancient_elements:scarlet_crystal_block":2,"ancient_elements:scarlet_shard":15,"minecraft:grass_block":2,"minecraft:mossy_cobblestone":7,"minecraft:trapped_chest":1,"minecraft:dark_oak_log":5,"minecraft:barrel":9,"minecraft:light_gray_concrete":7,"minecraft:polished_andesite":1,"minecraft:dispenser":1,"minecraft:diamond":23,"minecraft:emerald":4,"minecraft:bread":19,"epicsamurai:ruby":14,"minecraft:oak_sapling":1,"armorplus:lava_shard":4,"minecraft:coarse_dirt":2,"minecraft:crafting_table":1,"born_in_chaos_v1:diamond_termite_shard":26,"born_in_chaos_v1:seedof_chaos":1,"minecraft:golden_pickaxe":1,"minecraft:stone_brick_wall":1,"minecraft:chain":1,"minecraft:shield":3,"ancient_elements:music_disc_luminous":8,"minecraft:iron_axe":1,"minecraft:item_frame":2,"epicsamurai:jade":8,"ancient_elements:selenite_shard":12,"born_in_chaos_v1:gnawed_bones":1,"minecraft:observer":2,"minecraft:poppy":2,"minecraft:spruce_slab":2,"minecraft:chest":1,"minecraft:raw_iron":38,"ancient_elements:raw_steel":4,"ancient_elements:raw_tin":20,"born_in_chaos_v1:pieceofdarkmetal":4,"minecraft:carrot":5,"minecraft:redstone":7,"dungeonsweaponry:whispering_spear":1,"ancient_elements:cerulean_shard":1,"ancient_elements:reflectine":4,"minecraft:arrow":92,"minecraft:nether_bricks":3,"minecraft:hay_block":54,"minecraft:totem_of_undying":2,"iceandfire:deepslate_silver_ore":1,"minecraft:saddle":1,"minecraft:gold_ingot":16,"minecraft:mutton":3,"minecraft:skeleton_skull":1,"minecraft:white_wool":5,"minecraft:stripped_oak_log":3,"born_in_chaos_v1:corpse_maggot":19,"minecraft:tripwire_hook":2,"minecraft:leather":2,"minecraft:mushroom_stew":2,"minecraft:granite_stairs":1,"minecraft:oak_log":22,"iceandfire:ectoplasm":1,"minecraft:yellow_bed":8,"minecraft:cobblestone_stairs":2,"minecraft:stone_bricks":14,"minecraft:iron_ingot":4,"ancient_elements:cerulean_slimeball":1,"quark:pickarang":1,"minecraft:polished_andesite_slab":1,"epicsamurai:aquamarine":6,"epicsamurai:katana_handle":1,"minecraft:soul_sand":13,"minecraft:iron_sword":1,"minecraft:oak_slab":2,"minecraft:polished_andesite_stairs":3,"born_in_chaos_v1:ethereal_spirit":5,"born_in_chaos_v1:dark_rod":5,"minecraft:white_bed":6,"quark:oak_chest":2,"minecraft:slime_ball":1,"ancient_elements:topaz_crystal_block":2,"minecraft:coal":32},"minecraft:mined":{"create:deepslate_zinc_ore":5,"minecraft:white_bed":6,"minecraft:cobblestone_stairs":2,"armorplus:ore_lava_crystal_stone":3,"minecraft:obsidian":1,"epicsamurai:silver_ore":14,"minecraft:grass_block":14,"minecraft:stone_brick_wall":1,"minecraft:coal_block":16,"minecraft:gilded_blackstone":34,"minecraft:spawner":45,"minecraft:smooth_stone":2,"minecraft:tall_seagrass":1,"epicsamurai:deepslate_jade_ore":5,"minecraft:magma_block":17,"ancient_elements:topaz_clust":3,"minecraft:mossy_cobblestone_slab":1,"minecraft:iron_ore":31,"minecraft:barrel":9,"ancient_elements:selenite_clust":2,"ancient_elements:tin_ore":13,"minecraft:deepslate_lapis_ore":1,"minecraft:iron_bars":4,"epicsamurai:deepslate_silver_ore":13,"minecraft:light_gray_concrete":8,"minecraft:iron_block":1,"minecraft:granite_stairs":1,"minecraft:spruce_slab":2,"minecraft:tripwire":4,"minecraft:cyan_terracotta":4,"minecraft:chiseled_quartz_block":3,"born_in_chaos_v1:infected_deepslate_diamond_ore":4,"minecraft:polished_andesite_stairs":2,"ancient_elements:deepslate_tin_ore":7,"minecraft:cobblestone":12,"minecraft:honeycomb_block":13,"minecraft:oak_planks":37,"minecraft:wall_torch":3,"minecraft:skeleton_skull":1,"minecraft:repeater":1,"epicsamurai:aquamarine_ore":2,"minecraft:lilac":1,"biomesoplenty:fir_log":1,"minecraft:smooth_stone_slab":5,"minecraft:grass":12,"minecraft:oak_log":29,"minecraft:smooth_quartz":15,"minecraft:dirt":38,"minecraft:tripwire_hook":2,"minecraft:dispenser":1,"minecraft:netherrack":1,"minecraft:oak_leaves":3,"minecraft:deepslate":80,"create:zinc_ore":3,"minecraft:diamond_ore":1,"minecraft:crying_obsidian":2,"minecraft:tuff":2,"iceandfire:silver_ore":3,"ancient_elements:lead_ore":8,"minecraft:mossy_cobblestone":8,"ancient_elements:budding_topaz":1,"minecraft:dark_oak_log":5,"born_in_chaos_v1:infected_diamond_ore":3,"minecraft:nether_bricks":4,"epicsamurai:deepslate_ruby_ore":15,"minecraft:redstone_wire":5,"iceandfire:deepslate_silver_ore":1,"ancient_elements:scarlet_clust":5,"minecraft:large_fern":1,"minecraft:hay_block":55,"minecraft:oak_trapdoor":1,"ancient_elements:topaz_crystal_block":2,"minecraft:furnace":2,"minecraft:andesite":16,"biomesoplenty:sea_oats":1,"minecraft:deepslate_iron_ore":7,"minecraft:cobblestone_slab":1,"ancient_elements:palladium_ore":4,"minecraft:stripped_oak_log":5,"ancient_elements:reflectine":5,"minecraft:stone":70,"minecraft:white_wool":2,"ancient_elements:steel_ore":4,"minecraft:oak_slab":1,"minecraft:redstone_block":2,"epicsamurai:jade_ore":3,"minecraft:comparator":1,"minecraft:soul_sand":13,"quark:oak_chest":2,"minecraft:basalt":4,"minecraft:observer":2,"minecraft:polished_granite":2,"epicsamurai:deepslate_aquamarine_ore":1,"minecraft:crafting_table":1,"minecraft:oak_wood":4,"minecraft:tall_grass":4,"minecraft:copper_ore":2,"minecraft:diorite":1,"ancient_elements:verdant_viridium_clust":1,"minecraft:coarse_dirt":2,"minecraft:trapped_chest":1,"minecraft:yellow_bed":8,"ancient_elements:scarlet_crystal_block":1,"minecraft:coal_ore":17,"minecraft:zombie_head":1,"minecraft:gravel":8,"minecraft:cobweb":7,"minecraft:cracked_stone_bricks":1,"minecraft:stone_bricks":10,"minecraft:polished_andesite":3,"minecraft:mossy_stone_bricks":1},"minecraft:custom":{"minecraft:interact_with_crafting_table":19,"minecraft:open_barrel":14,"goblintraders:trade_with_goblin":16,"minecraft:eat_cake_slice":9,"minecraft:leave_game":6,"minecraft:time_since_death":102,"minecraft:sprint_one_cm":882022,"minecraft:damage_blocked_by_shield":4130,"minecraft:drop":115,"minecraft:play_noteblock":1,"minecraft:talked_to_villager":5,"minecraft:play_time":360400,"minecraft:deaths":28,"minecraft:jump":5634,"minecraft:walk_on_water_one_cm":59370,"minecraft:interact_with_furnace":17,"minecraft:sleep_in_bed":16,"minecraft:waystone_activated":1,"minecraft:damage_dealt":60664,"minecraft:player_kills":1,"minecraft:crouch_one_cm":78812,"minecraft:inspect_dispenser":7,"minecraft:mob_kills":346,"minecraft:damage_dealt_resisted":220,"minecraft:climb_one_cm":16864,"minecraft:walk_one_cm":988095,"minecraft:sneak_time":29908,"minecraft:walk_under_water_one_cm":25134,"minecraft:interact_with_blast_furnace":9,"minecraft:total_world_time":360400,"spartanshields:shield_bash_hits":20,"minecraft:time_since_rest":196,"minecraft:damage_taken":14325,"minecraft:trigger_trapped_chest":7,"minecraft:swim_one_cm":40857,"minecraft:fly_one_cm":1049750,"minecraft:open_chest":129,"minecraft:fall_one_cm":146289},"minecraft:used":{"minecraft:iron_shovel":47,"minecraft:spruce_slab":1,"minecraft:shield":77,"minecraft:soul_sand":12,"minecraft:mutton":1,"born_in_chaos_v1:corpse_maggot":3,"minecraft:cyan_terracotta":4,"minecraft:grass_block":2,"minecraft:stone_bricks":5,"minecraft:honeycomb_block":3,"minecraft:oak_sapling":1,"minecraft:furnace":1,"minecraft:oak_planks":70,"minecraft:leather_chestplate":1,"minecraft:white_wool":1,"minecraft:blast_furnace":1,"easy_villagers:villager":1,"minecraft:dark_oak_log":3,"minecraft:light_gray_concrete":3,"minecraft:bread":118,"minecraft:smooth_stone_slab":1,"minecraft:granite_stairs":1,"minecraft:torch":25,"minecraft:dirt":8,"minecraft:iron_axe":325,"minecraft:iron_boots":1,"minecraft:smooth_quartz":14,"minecraft:trapped_chest":1,"minecraft:cooked_beef":8,"minecraft:baked_potato":2,"spartanshields:iron_tower_shield":55,"minecraft:mossy_cobblestone":1,"dungeonsweaponry:cursed_axe":30,"minecraft:crafting_table":3,"minecraft:white_bed":5,"minecraft:oak_log":1,"minecraft:diamond_pickaxe":210,"quark:pickarang":118,"minecraft:iron_pickaxe":389,"minecraft:stone_axe":5,"epicsamurai:katana":649,"minecraft:cobblestone":46,"minecraft:bucket":1,"minecraft:yellow_bed":8,"quark:oak_chest":2,"minecraft:smooth_stone":1}},"DataVersion":3120}