{"stats":{"minecraft:crafted":{"minecraft:oak_planks":56,"minecraft:iron_axe":1,"minecraft:crafting_table":2,"minecraft:shield":1,"minecraft:stick":8},"minecraft:picked_up":{"born_in_chaos_v1:diamond_termite_shard":3,"minecraft:redstone_block":1,"minecraft:chain":1,"minecraft:shield":3,"ancient_elements:music_disc_luminous":1,"minecraft:string":2,"minecraft:item_frame":1,"epicsamurai:jade":5,"minecraft:cobbled_deepslate":37,"minecraft:comparator":5,"minecraft:iron_pickaxe":1,"minecraft:raw_iron":20,"ancient_elements:raw_steel":4,"iceandfire:silver_ore":1,"ancient_elements:verdant_viridium_shard":3,"minecraft:redstone":4,"ancient_elements:cerulean_shard":1,"ancient_elements:topaz_shard":9,"ancient_elements:reflectine":1,"minecraft:arrow":29,"minecraft:rotten_flesh":9,"minecraft:nether_bricks":3,"minecraft:mutton":3,"minecraft:iron_bars":6,"minecraft:white_wool":3,"minecraft:cobblestone":3,"minecraft:stripped_oak_log":1,"born_in_chaos_v1:corpse_maggot":1,"minecraft:leather_chestplate":1,"minecraft:granite_stairs":1,"create:raw_zinc":1,"minecraft:oak_log":16,"minecraft:lantern":3,"minecraft:polished_granite":2,"minecraft:leather_boots":1,"minecraft:bone":27,"minecraft:stone_bricks":8,"minecraft:bow":1,"minecraft:iron_ingot":1,"ancient_elements:cerulean_slimeball":1,"epicsamurai:aquamarine":2,"minecraft:oak_planks":32,"epicsamurai:raw_silver":14,"minecraft:soul_sand":1,"minecraft:oak_slab":2,"born_in_chaos_v1:ethereal_spirit":2,"born_in_chaos_v1:dark_rod":1,"minecraft:white_bed":2,"minecraft:dark_oak_log":5,"minecraft:slime_ball":1,"minecraft:diamond":1,"minecraft:bread":14,"ancient_elements:topaz_crystal_block":2,"minecraft:coal":1,"armorplus:lava_shard":2},"minecraft:mined":{"create:zinc_ore":2,"minecraft:diamond_ore":1,"minecraft:white_bed":2,"iceandfire:silver_ore":1,"ancient_elements:budding_topaz":1,"minecraft:dark_oak_log":5,"armorplus:ore_lava_crystal_stone":1,"born_in_chaos_v1:infected_diamond_ore":2,"minecraft:nether_bricks":4,"epicsamurai:silver_ore":10,"minecraft:redstone_wire":4,"minecraft:spawner":4,"epicsamurai:deepslate_jade_ore":2,"ancient_elements:topaz_clust":3,"ancient_elements:topaz_crystal_block":2,"minecraft:iron_ore":19,"minecraft:deepslate_iron_ore":1,"minecraft:iron_bars":4,"epicsamurai:deepslate_silver_ore":4,"minecraft:stripped_oak_log":1,"ancient_elements:reflectine":1,"minecraft:stone":1,"minecraft:granite_stairs":1,"ancient_elements:steel_ore":4,"minecraft:oak_slab":1,"minecraft:redstone_block":1,"epicsamurai:jade_ore":3,"minecraft:comparator":1,"minecraft:soul_sand":1,"minecraft:polished_granite":2,"minecraft:oak_planks":32,"ancient_elements:verdant_viridium_clust":1,"epicsamurai:aquamarine_ore":2,"minecraft:grass":1,"minecraft:coal_ore":1,"minecraft:oak_log":19,"minecraft:cracked_stone_bricks":1,"minecraft:stone_bricks":4,"minecraft:netherrack":1,"minecraft:deepslate":48},"minecraft:dropped":{"minecraft:water_bucket":1,"minecraft:bread":14,"minecraft:oak_slab":1,"minecraft:soul_sand":1,"minecraft:cobblestone":2,"minecraft:lantern":3,"ancient_elements:reflectine":1,"minecraft:coal":1,"minecraft:item_frame":1,"minecraft:torch":11,"minecraft:chain":1,"minecraft:string":1,"create:raw_zinc":1,"minecraft:cobbled_deepslate":37,"minecraft:rotten_flesh":6,"iceandfire:silver_ore":1,"minecraft:comparator":4,"minecraft:shield":2,"aether:iron_gloves":1,"born_in_chaos_v1:corpse_maggot":1,"minecraft:stone_bricks":4,"minecraft:iron_bars":2,"minecraft:arrow":4,"minecraft:bow":1,"minecraft:polished_granite":2,"born_in_chaos_v1:dark_rod":1},"minecraft:broken":{"minecraft:iron_axe":1,"minecraft:leather_boots":1},"minecraft:killed":{"ancient_elements:cerulean_crystal_slime":2,"born_in_chaos_v1:restless_spirit":1,"minecraft:spider":1,"born_in_chaos_v1:zombie_bruiser":1,"born_in_chaos_v1:maggot":5,"minecraft:skeleton":15,"born_in_chaos_v1:skeleton_thrasher":1,"born_in_chaos_v1:diamond_termite":3,"born_in_chaos_v1:swarmer":1,"born_in_chaos_v1:decrepit_skeleton":2,"minecraft:sheep":3,"born_in_chaos_v1:bloody_gadfly":1,"minecraft:zombie":3,"born_in_chaos_v1:dread_hound":1,"born_in_chaos_v1:corpse_fly":6,"minecraft:stray":1,"born_in_chaos_v1:dark_vortex":1},"minecraft:custom":{"minecraft:mob_kills":52,"minecraft:interact_with_crafting_table":3,"minecraft:open_barrel":2,"minecraft:leave_game":1,"minecraft:time_since_death":25330,"minecraft:climb_one_cm":2185,"minecraft:sprint_one_cm":161642,"minecraft:walk_one_cm":198823,"minecraft:damage_blocked_by_shield":1140,"minecraft:drop":36,"minecraft:talked_to_villager":1,"minecraft:play_time":65597,"minecraft:deaths":5,"minecraft:sneak_time":6857,"minecraft:walk_under_water_one_cm":12718,"minecraft:jump":887,"minecraft:walk_on_water_one_cm":27380,"minecraft:total_world_time":65597,"minecraft:interact_with_furnace":1,"spartanshields:shield_bash_hits":4,"minecraft:sleep_in_bed":2,"minecraft:time_since_rest":25359,"minecraft:damage_taken":3216,"minecraft:damage_dealt":8947,"minecraft:swim_one_cm":3623,"minecraft:fly_one_cm":160858,"minecraft:open_chest":26,"minecraft:crouch_one_cm":17817,"minecraft:fall_one_cm":22769},"minecraft:killed_by":{"minecraft:stray":1,"ancient_elements:topaz_crystal_slime":1,"minecraft:skeleton":2},"minecraft:used":{"minecraft:granite_stairs":1,"minecraft:shield":32,"minecraft:mutton":1,"minecraft:iron_axe":185,"minecraft:cooked_beef":8,"minecraft:oak_planks":70,"minecraft:baked_potato":2,"minecraft:leather_chestplate":1,"minecraft:crafting_table":2,"minecraft:white_bed":2,"minecraft:oak_log":1,"minecraft:dark_oak_log":3,"minecraft:bread":13,"minecraft:iron_pickaxe":143,"minecraft:cobblestone":1,"minecraft:bucket":1}},"DataVersion":3120}