{"stats":{"minecraft:mined":{"minecraft:large_amethyst_bud":2,"minecraft:diamond_ore":3,"minecraft:tuff":24,"minecraft:deepslate_diamond_ore":17,"minecraft:sculk_vein":1,"minecraft:jungle_leaves":85,"minecraft:glow_lichen":1,"minecraft:granite":11,"minecraft:spawner":2,"minecraft:hay_block":35,"minecraft:furnace":1,"minecraft:iron_ore":50,"minecraft:cobbled_deepslate":14,"minecraft:andesite":2,"minecraft:deepslate_lapis_ore":8,"twigs:bronzed_seashell":1,"minecraft:bookshelf":1,"minecraft:vine":1,"minecraft:deepslate_iron_ore":13,"minecraft:small_amethyst_bud":1,"biomesoplenty:spider_egg":1,"minecraft:stone":21,"minecraft:white_wool":1,"minecraft:deepslate_redstone_ore":16,"minecraft:medium_amethyst_bud":1,"minecraft:amethyst_cluster":5,"minecraft:crafting_table":6,"minecraft:torch":5,"biomesoplenty:black_sandstone":4,"minecraft:calcite":2,"minecraft:sculk_sensor":1,"minecraft:tall_grass":2,"minecraft:cobblestone":15,"minecraft:oak_planks":2,"minecraft:damaged_anvil":1,"minecraft:sculk":2,"minecraft:diorite":5,"minecraft:wall_torch":13,"minecraft:amethyst_block":3,"supplementaries:urn":12,"minecraft:grass":14,"minecraft:oak_log":83,"minecraft:coal_ore":52,"minecraft:dirt":8,"minecraft:smooth_basalt":7,"twigs:rhyolite":20,"minecraft:fern":2,"minecraft:deepslate":155},"minecraft:killed_by":{"minecraft:skeleton":1},"minecraft:used":{"minecraft:shield":4,"minecraft:iron_chestplate":1,"minecraft:torch":27,"minecraft:dirt":1,"minecraft:tuff":9,"minecraft:iron_axe":91,"minecraft:iron_helmet":1,"minecraft:iron_boots":1,"minecraft:furnace":1,"minecraft:cobbled_deepslate":28,"minecraft:iron_leggings":1,"minecraft:stone_pickaxe":96,"minecraft:oak_planks":2,"minecraft:wooden_pickaxe":5,"minecraft:white_wool":1,"minecraft:crafting_table":6,"minecraft:diamond_pickaxe":326,"minecraft:bread":55,"minecraft:iron_pickaxe":47,"minecraft:stone_axe":108,"twigs:bronzed_seashell":1,"minecraft:cobblestone":24,"minecraft:gray_wool":1,"delightful:acorn":1},"minecraft:picked_up":{"minecraft:crafting_table":5,"spawnersplus:spawner_fragment":2,"minecraft:amethyst_block":3,"minecraft:string":7,"minecraft:iron_shovel":1,"minecraft:cobbled_deepslate":155,"delightful:acorn":2,"minecraft:calcite":2,"minecraft:jungle_sapling":2,"minecraft:iron_pickaxe":1,"minecraft:light_gray_wool":1,"delightful:green_tea_leaf":1,"minecraft:furnace":1,"minecraft:raw_iron":66,"minecraft:torch":21,"minecraft:porkchop":1,"minecraft:diorite":5,"minecraft:redstone":73,"minecraft:arrow":9,"minecraft:rotten_flesh":3,"minecraft:hay_block":34,"supplementaries:antique_ink":3,"supplementaries:ash":40,"minecraft:mutton":7,"minecraft:white_wool":8,"minecraft:cobblestone":39,"biomesoplenty:black_sandstone":4,"minecraft:tuff":14,"minecraft:oak_log":56,"minecraft:gunpowder":4,"minecraft:lapis_lazuli":46,"minecraft:dirt":8,"minecraft:bone":47,"minecraft:wheat_seeds":3,"minecraft:iron_ingot":1,"twigs:twig":5,"minecraft:oak_planks":2,"minecraft:book":3,"minecraft:smooth_basalt":7,"minecraft:gravel":1,"twigs:bronzed_seashell":1,"minecraft:amethyst_shard":20,"minecraft:ink_sac":1,"minecraft:spider_eye":6,"minecraft:diamond":20,"minecraft:granite":11,"minecraft:gray_wool":1,"minecraft:emerald":6,"minecraft:oak_sapling":14,"minecraft:damaged_anvil":1,"twigs:rhyolite":18,"minecraft:coal":85},"minecraft:dropped":{"minecraft:porkchop":1,"minecraft:wheat_seeds":3,"minecraft:book":3,"delightful:green_tea_leaf":1,"minecraft:stick":5,"minecraft:ink_sac":1,"delightful:acorn":1,"minecraft:jungle_sapling":2,"minecraft:iron_pickaxe":1,"minecraft:white_wool":4,"twigs:twig":5,"minecraft:smooth_basalt":5,"minecraft:bone":21,"minecraft:gravel":1,"minecraft:stone_axe":1,"minecraft:tuff":5,"minecraft:rotten_flesh":3,"minecraft:light_gray_wool":1,"minecraft:potato":1,"minecraft:oak_sapling":14,"minecraft:arrow":1,"minecraft:wooden_pickaxe":1,"minecraft:stone_pickaxe":1,"minecraft:calcite":2},"minecraft:crafted":{"minecraft:oak_planks":36,"minecraft:furnace":1,"minecraft:iron_boots":1,"minecraft:iron_axe":1,"minecraft:stone_pickaxe":1,"minecraft:wheat":306,"minecraft:crafting_table":2,"minecraft:wooden_pickaxe":1,"minecraft:iron_helmet":1,"minecraft:stone_axe":1,"minecraft:bread":102,"minecraft:air":0,"minecraft:iron_chestplate":1,"minecraft:diamond_pickaxe":1,"minecraft:shield":1,"minecraft:stick":20,"minecraft:iron_ingot":77,"minecraft:iron_pickaxe":1,"minecraft:iron_leggings":1,"minecraft:torch":8},"minecraft:killed":{"minecraft:cave_spider":1,"minecraft:spider":7,"minecraft:skeleton":14,"minecraft:pig":1,"minecraft:zombie_villager":2,"minecraft:creeper":2,"minecraft:sheep":5,"minecraft:zombie":10},"minecraft:custom":{"minecraft:interact_with_smithing_table":2,"minecraft:interact_with_anvil":1,"minecraft:mob_kills":43,"minecraft:interact_with_crafting_table":21,"minecraft:open_barrel":9,"goblintraders:trade_with_goblin":30,"minecraft:leave_game":2,"minecraft:time_since_death":138801,"minecraft:climb_one_cm":93,"minecraft:sprint_one_cm":394971,"minecraft:walk_one_cm":210623,"minecraft:damage_blocked_by_shield":255,"minecraft:drop":32,"minecraft:talked_to_villager":3,"minecraft:play_time":155519,"minecraft:deaths":1,"minecraft:sneak_time":14378,"minecraft:walk_under_water_one_cm":14903,"minecraft:jump":2363,"minecraft:walk_on_water_one_cm":40198,"minecraft:total_world_time":169526,"minecraft:interact_with_furnace":5,"minecraft:sleep_in_bed":2,"minecraft:time_since_rest":124396,"minecraft:waystone_activated":1,"minecraft:damage_taken":2390,"minecraft:damage_dealt":7502,"minecraft:swim_one_cm":136418,"minecraft:fly_one_cm":413616,"minecraft:open_chest":9,"minecraft:crouch_one_cm":34205,"minecraft:fall_one_cm":44261}},"DataVersion":3465}