{"stats":{"minecraft:mined":{"uniquedungeons:dark_antique_stone_stairs":1,"uniquedungeons:urn":2,"minecraft:stone_pressure_plate":4,"the_dead_forest:thick_wood_leaves":1,"minecraft:stone_brick_slab":1,"minecraft:crafting_table":1,"uniquedungeons:dried_quick_sand":1,"uniquedungeons:dark_antique_stone":2,"minecraft:red_sand":2,"minecraft:acacia_log":3,"uniquedungeons:chiseled_dark_antique_stone":1,"minecraft:redstone_wire":2,"minecraft:sandstone":11,"minecraft:chiseled_stone_bricks":6,"minecraft:spawner":3,"minecraft:hay_block":32,"create:mechanical_saw":2,"minecraft:fire":1,"minecraft:tnt":4,"minecraft:stone_brick_stairs":1,"minecraft:grass":2,"the_dead_forest:thick_wood_planks":1,"minecraft:vine":6,"minecraft:sand":10,"minecraft:tripwire_hook":5,"minecraft:stone_bricks":6,"minecraft:tripwire":7},"minecraft:used":{"the_dead_forest:vineslice":5,"minecraft:red_sand":2,"minecraft:acacia_log":3,"minecraft:wooden_pickaxe":38,"minecraft:sandstone":5,"minecraft:spruce_sign":1,"create:mechanical_saw":1,"minecraft:sand":8,"minecraft:crafting_table":2,"minecraft:iron_axe":6,"minecraft:bread":20,"minecraft:iron_pickaxe":8,"minecraft:leather_helmet":1,"minecraft:stone_brick_stairs":1,"minecraft:stone_bricks":3,"minecraft:stone_axe":9,"minecraft:tripwire_hook":4,"the_dead_forest:thick_wood_leaves":6,"create:hand_crank":1},"minecraft:picked_up":{"iceandfire:dragon_skull_lightning":1,"minecraft:crafting_table":1,"minecraft:tripwire_hook":5,"the_dead_forest:thick_wood_leaves":1,"minecraft:stone_brick_stairs":1,"uniquedungeons:dark_antique_stone_stairs":1,"minecraft:string":7,"uniquedungeons:dried_quick_sand":1,"dungeonnowloading:spawner_fragment":9,"minecraft:acacia_planks":30,"minecraft:stone_bricks":6,"minecraft:red_sand":2,"minecraft:iron_pickaxe":1,"create:mechanical_saw":2,"minecraft:sandstone":11,"iceandfire:dragonbone":33,"minecraft:chiseled_stone_bricks":6,"minecraft:stone_brick_slab":1,"minecraft:acacia_log":4,"iceandfire:dragon_skull_fire":1,"minecraft:sand":8,"minecraft:dried_kelp":2,"create:hand_crank":2,"minecraft:redstone":2,"uniquedungeons:dark_antique_stone":2,"minecraft:spider_eye":1,"minecraft:stone_pressure_plate":4,"minecraft:tnt":4,"minecraft:stripped_acacia_log":5,"minecraft:honey_bottle":2,"uniquedungeons:chiseled_dark_antique_stone":1,"minecraft:hay_block":30,"minecraft:bread":2,"minecraft:spruce_sign":4},"minecraft:crafted":{"minecraft:crafting_table":1,"minecraft:wooden_pickaxe":1,"minecraft:bread":64,"minecraft:air":0,"minecraft:iron_axe":1,"minecraft:stick":16,"minecraft:iron_ingot":18,"minecraft:iron_pickaxe":1,"minecraft:wheat":279},"minecraft:killed":{"alexsmobs:guster":2,"minecraft:cave_spider":1,"the_dead_forest:vinelife":1},"minecraft:dropped":{"minecraft:acacia_log":5,"minecraft:stripped_acacia_log":5,"minecraft:iron_pickaxe":1,"iceandfire:dragon_skull_lightning":1,"iceandfire:dragon_skull_fire":1},"minecraft:custom":{"minecraft:interact_with_smithing_table":1,"minecraft:mob_kills":4,"minecraft:interact_with_crafting_table":8,"minecraft:open_barrel":9,"minecraft:leave_game":1,"minecraft:time_since_death":130,"minecraft:sleep_in_bed":2,"minecraft:climb_one_cm":12446,"minecraft:time_since_rest":154,"minecraft:sprint_one_cm":82405,"minecraft:damage_taken":1030,"minecraft:walk_one_cm":57309,"minecraft:drop":11,"minecraft:damage_dealt":472,"minecraft:fly_one_cm":299078,"minecraft:swim_one_cm":9925,"minecraft:open_chest":14,"minecraft:crouch_one_cm":7992,"minecraft:play_time":32596,"minecraft:deaths":1,"minecraft:sneak_time":4260,"minecraft:walk_under_water_one_cm":1244,"minecraft:jump":789,"minecraft:interact_with_blast_furnace":4,"minecraft:walk_on_water_one_cm":3551,"minecraft:total_world_time":32596,"minecraft:fall_one_cm":25477}},"DataVersion":3465}