{"stats":{"minecraft:used":{"the_dead_forest:vineslice":5,"minecraft:red_sand":2,"minecraft:acacia_log":3,"minecraft:wooden_pickaxe":38,"minecraft:sandstone":5,"minecraft:spruce_sign":1,"uniquedungeons:dark_antique_gravel":1,"create:mechanical_saw":1,"minecraft:sand":11,"minecraft:crafting_table":2,"minecraft:red_bed":1,"minecraft:iron_axe":14,"minecraft:bread":26,"minecraft:iron_pickaxe":98,"minecraft:leather_helmet":1,"minecraft:stone_brick_stairs":1,"minecraft:stone_bricks":3,"minecraft:stone_axe":9,"the_dead_forest:thick_wood_leaves":6,"minecraft:tripwire_hook":4,"uniquedungeons:dark_antique_stone":2,"create:hand_crank":1},"minecraft:killed":{"minecraft:cave_spider":4,"alexsmobs:guster":2,"the_dead_forest:vinelife":1,"iceandfire:deathworm":1},"minecraft:crafted":{"minecraft:crafting_table":1,"minecraft:wooden_pickaxe":1,"minecraft:bread":64,"minecraft:air":0,"minecraft:iron_axe":1,"minecraft:stick":16,"minecraft:iron_ingot":18,"minecraft:iron_pickaxe":1,"minecraft:wheat":279},"minecraft:dropped":{"alexsmobs:animal_dictionary":1,"minecraft:rotten_flesh":2,"uniquedungeons:dark_antique_stone":2,"minecraft:acacia_log":5,"uniquedungeons:dark_antique_gravel":2,"minecraft:spider_eye":3,"uniquedungeons:dried_quick_sand":1,"minecraft:stripped_acacia_log":5,"minecraft:sand":1,"minecraft:iron_pickaxe":1,"iceandfire:dragon_skull_lightning":1,"iceandfire:dragon_skull_fire":1},"minecraft:picked_up":{"iceandfire:dragon_skull_lightning":1,"minecraft:crafting_table":1,"minecraft:splash_potion":1,"minecraft:tripwire_hook":5,"the_dead_forest:thick_wood_leaves":1,"uniquedungeons:dark_antique_gravel":39,"minecraft:stone_brick_stairs":1,"uniquedungeons:ancient_root_item":3,"minecraft:string":7,"uniquedungeons:dark_antique_stone_stairs":6,"minecraft:red_bed":1,"uniquedungeons:dried_quick_sand":2,"dungeonnowloading:spawner_fragment":9,"minecraft:acacia_planks":30,"minecraft:stone_bricks":6,"minecraft:red_sand":2,"uniquedungeons:crystal_shard":1,"minecraft:iron_ingot":64,"minecraft:iron_pickaxe":1,"create:mechanical_saw":2,"minecraft:sandstone":11,"iceandfire:dragonbone":33,"minecraft:chiseled_stone_bricks":6,"minecraft:stone_brick_slab":1,"minecraft:acacia_log":4,"iceandfire:dragon_skull_fire":1,"minecraft:sand":16,"minecraft:dried_kelp":7,"create:hand_crank":2,"iceandfire:deathworm_chitin_white":3,"minecraft:redstone":2,"minecraft:spider_eye":3,"uniquedungeons:dark_antique_stone":4,"minecraft:stone_pressure_plate":4,"minecraft:rotten_flesh":2,"minecraft:tnt":4,"minecraft:stripped_acacia_log":5,"minecraft:honey_bottle":8,"uniquedungeons:chiseled_dark_antique_stone":3,"minecraft:hay_block":30,"minecraft:golden_apple":1,"minecraft:spruce_sign":4,"minecraft:bread":10},"minecraft:custom":{"minecraft:interact_with_smithing_table":1,"minecraft:mob_kills":8,"minecraft:interact_with_crafting_table":8,"minecraft:open_barrel":12,"minecraft:leave_game":2,"minecraft:time_since_death":13206,"minecraft:sleep_in_bed":2,"minecraft:climb_one_cm":13952,"minecraft:time_since_rest":13236,"minecraft:sprint_one_cm":107242,"minecraft:damage_taken":2015,"minecraft:walk_one_cm":75720,"minecraft:drop":19,"minecraft:damage_dealt":843,"minecraft:swim_one_cm":13685,"minecraft:fly_one_cm":341149,"minecraft:open_chest":14,"minecraft:crouch_one_cm":21666,"minecraft:play_time":49806,"minecraft:deaths":3,"minecraft:sneak_time":8918,"minecraft:walk_under_water_one_cm":3088,"minecraft:jump":965,"minecraft:interact_with_blast_furnace":4,"minecraft:walk_on_water_one_cm":9184,"minecraft:total_world_time":49806,"minecraft:fall_one_cm":32013},"minecraft:mined":{"uniquedungeons:dark_antique_stone_stairs":3,"uniquedungeons:urn":8,"minecraft:stone_pressure_plate":4,"minecraft:red_bed":1,"uniquedungeons:cracked_dark_antique_stone":5,"minecraft:stone_brick_slab":1,"the_dead_forest:thick_wood_leaves":1,"minecraft:crafting_table":1,"uniquedungeons:dried_quick_sand":1,"uniquedungeons:dark_antique_stone":3,"minecraft:red_sand":2,"minecraft:acacia_log":3,"uniquedungeons:iron_spikes":66,"uniquedungeons:chiseled_dark_antique_stone":2,"minecraft:redstone_wire":2,"minecraft:sandstone":11,"minecraft:chiseled_stone_bricks":6,"minecraft:spawner":3,"minecraft:hay_block":32,"create:mechanical_saw":2,"minecraft:fire":1,"minecraft:tnt":4,"minecraft:stone_brick_stairs":1,"minecraft:grass":2,"the_dead_forest:thick_wood_planks":1,"minecraft:vine":6,"minecraft:sand":10,"minecraft:black_candle":2,"uniquedungeons:crystal":1,"minecraft:tripwire_hook":5,"minecraft:stone_bricks":6,"uniquedungeons:rooted_ground":6,"minecraft:tripwire":7}},"DataVersion":3465}