{"stats":{"minecraft:dropped":{"minecraft:slime_ball":1,"alexsmobs:animal_dictionary":2},"minecraft:killed":{"naturalist:snail":1,"minecraft:pig":1,"iceandfire:ghost":1},"minecraft:picked_up":{"minecraft:slime_ball":1,"minecraft:porkchop":1,"minecraft:cornflower":1,"minecraft:dirt":1,"alexsmobs:animal_dictionary":2},"minecraft:killed_by":{"born_in_chaos_v1:missioner":1,"minecraft:zombie":1,"minecraft:player":1,"born_in_chaos_v1:nightmare_stalker":2},"minecraft:mined":{"minecraft:grass":3,"minecraft:grass_block":1,"minecraft:spruce_slab":1},"minecraft:custom":{"minecraft:time_since_rest":610,"minecraft:open_chest":4,"minecraft:crouch_one_cm":1989,"minecraft:play_time":28049,"minecraft:sprint_one_cm":123871,"minecraft:deaths":9,"minecraft:damage_taken":2658,"minecraft:walk_one_cm":73551,"minecraft:sneak_time":565,"minecraft:trigger_trapped_chest":2,"minecraft:walk_under_water_one_cm":10263,"minecraft:mob_kills":4,"minecraft:drop":3,"minecraft:jump":659,"minecraft:damage_dealt":614,"minecraft:leave_game":1,"minecraft:time_since_death":0,"minecraft:walk_on_water_one_cm":22023,"minecraft:sleep_in_bed":1,"minecraft:total_world_time":28049,"minecraft:climb_one_cm":7714,"minecraft:swim_one_cm":24153,"minecraft:fall_one_cm":19034,"minecraft:fly_one_cm":150142},"minecraft:used":{"minecraft:cornflower":1,"minecraft:dirt":1,"minecraft:porkchop":1,"alexsmobs:animal_dictionary":1}},"DataVersion":3120}