{
  "create:root": {
    "criteria": {
      "0": "2024-05-26 22:52:02 +0000"
    },
    "done": true
  },
  "simpledrills:simple_drills": {
    "criteria": {
      "simple_drills": "2024-05-26 22:52:02 +0000"
    },
    "done": true
  },
  "the_dead_forest:the_dead_forests": {
    "criteria": {
      "the_dead_forests": "2024-05-26 22:52:02 +0000"
    },
    "done": true
  },
  "travelersbackpack:standard_from_custom": {
    "criteria": {
      "has_the_recipe": "2024-05-26 22:52:03 +0000"
    },
    "done": true
  },
  "mythicmounts:summoning_staff": {
    "criteria": {
      "has_the_recipe": "2024-05-26 22:52:03 +0000"
    },
    "done": true
  },
  "iceandfire:iceandfire/root": {
    "criteria": {
      "tick": "2024-05-26 22:52:05 +0000"
    },
    "done": true
  },
  "idas:idas_root": {
    "criteria": {
      "always": "2024-05-26 22:52:05 +0000"
    },
    "done": true
  },
  "battletowers:root": {
    "criteria": {
      "Tick": "2024-05-26 22:52:05 +0000"
    },
    "done": true
  },
  "dungeons_arise:wda_root": {
    "criteria": {
      "WDA": "2024-05-26 22:52:05 +0000"
    },
    "done": true
  },
  "distant_worlds:distant_worlds_explore": {
    "criteria": {
      "distant_worlds_explore": "2024-05-26 22:52:05 +0000"
    },
    "done": true
  },
  "mowziesmobs:root": {
    "criteria": {
      "custom_test_name": "2024-05-26 22:52:05 +0000"
    },
    "done": true
  },
  "betterdungeons:root": {
    "criteria": {
      "always": "2024-05-26 22:52:05 +0000"
    },
    "done": true
  },
  "betterdeserttemples:root": {
    "criteria": {
      "always": "2024-05-26 22:52:05 +0000"
    },
    "done": true
  },
  "minecraft:adventure/adventuring_time": {
    "criteria": {
      "minecraft:eroded_badlands": "2024-05-26 22:52:55 +0000",
      "minecraft:badlands": "2024-05-26 22:52:11 +0000",
      "minecraft:river": "2024-05-26 22:52:51 +0000",
      "minecraft:desert": "2024-05-26 22:53:38 +0000"
    },
    "done": false
  },
  "ms:root": {
    "criteria": {
      "in_modded_overworld": "2024-05-26 22:52:11 +0000"
    },
    "done": true
  },
  "1_splatus:spellbound/unlocked/windsweeper": {
    "criteria": {
      "blowgun": "2024-05-26 22:53:23 +0000"
    },
    "done": true
  },
  "minecraft:husbandry/balanced_diet": {
    "criteria": {
      "bread": "2024-05-26 22:54:02 +0000"
    },
    "done": false
  },
  "minecraft:husbandry/root": {
    "criteria": {
      "consumed_item": "2024-05-26 22:54:02 +0000"
    },
    "done": true
  },
  "minecraft:adventure/sleep_in_bed": {
    "criteria": {
      "slept_in_bed": "2024-05-26 22:55:43 +0000"
    },
    "done": true
  },
  "the_dead_forest:grownfrom_nothing": {
    "criteria": {
      "grownfrom_nothing": "2024-05-26 22:57:33 +0000"
    },
    "done": true
  },
  "immersive_armors:recipes/misc/wooden": {
    "criteria": {
      "has_item": "2024-05-26 23:00:25 +0000"
    },
    "done": true
  },
  "minecraft:story/root": {
    "criteria": {
      "crafting_table": "2024-05-26 23:05:47 +0000"
    },
    "done": true
  },
  "dungeonnowloading:story/root": {
    "criteria": {
      "obtain_crafting_table": "2024-05-26 23:05:47 +0000"
    },
    "done": true
  },
  "immersive_armors:recipes/misc/warrior": {
    "criteria": {
      "has_item": "2024-05-26 23:10:33 +0000"
    },
    "done": true
  },
  "minecraft:adventure/root": {
    "criteria": {
      "killed_something": "2024-05-26 23:10:53 +0000"
    },
    "done": true
  },
  "minecraft:adventure/kill_all_mobs": {
    "criteria": {
      "minecraft:cave_spider": "2024-05-26 23:10:53 +0000"
    },
    "done": false
  },
  "minecraft:adventure/kill_a_mob": {
    "criteria": {
      "minecraft:cave_spider": "2024-05-26 23:10:53 +0000"
    },
    "done": true
  },
  "minecraft:story/mine_diamond": {
    "criteria": {
      "diamond": "2024-05-26 23:11:02 +0000"
    },
    "done": true
  },
  "1_splatus:spellbound/unlocked/thorn_blossom": {
    "criteria": {
      "blowgun": "2024-05-26 23:12:50 +0000"
    },
    "done": true
  },
  "create:saw_processing": {
    "criteria": {
      "0": "2024-05-26 23:13:31 +0000"
    },
    "done": true
  },
  "minecraft:story/smelt_iron": {
    "criteria": {
      "iron": "2024-05-26 23:14:18 +0000"
    },
    "done": true
  },
  "minecraft:story/iron_tools": {
    "criteria": {
      "iron_pickaxe": "2024-05-26 23:14:38 +0000"
    },
    "done": true
  },
  "uniquedungeons:find_desert_dungeon": {
    "criteria": {
      "requirement": "2024-05-26 23:19:31 +0000"
    },
    "done": true
  },
  "alexsmobs:alexsmobs/guster": {
    "criteria": {
      "killed_by": "2024-05-26 23:19:52 +0000"
    },
    "done": true
  },
  "1_splatus:spellbound/unlocked/moonlight_edge": {
    "criteria": {
      "blowgun": "2024-05-26 23:35:31 +0000"
    },
    "done": true
  },
  "iceandfire:iceandfire/kill_deathworm": {
    "criteria": {
      "killed_fire_dragon": "2024-05-26 23:29:35 +0000"
    },
    "done": true
  },
  "DataVersion": 3465
}